{
	"a2Personal" : {
		"myFullName" : "Viren Panchal",
		"sheridanID" : "991664038",
		"sheridanLogin" : "panviren",
		"sheridanProgram" : "Computer System Technician Software Engineering",
		"sheridanEmail" : "panviren@sheridancollege.ca"
	},	
	"myBooks" : [
		{"authorName" : "K.M.Munshi", "bookTitle" : "Jay Somnath", "published" : "1940"},
		{"authorName" : "Mahatma Gandhi", "bookTitle" : "Gandhi:An Autobiography", "published" : "1927"},
		{"authorName" : "Madhav Kya nathi", "bookTitle" : "Harindra Dave", "published" : "1970"},
		{"authorName" : "North Pole", "bookTitle" : "Jitesh Donga", "published" : "2017"},
		{"authorName" : "Himalay no pravas", "bookTitle" : "Kakasaheb Kalelkar", "published" : "1924"}	
	],
	"campusData" : [
		{"campus" : "Davis", "street" : "7899 McLaughlin Blvd", "city" : "Brampton"},
		{"campus" : "HMC", "street" : "4180 Duke of York Blvd", "city" : "Mississauga"},
		{"campus" : "Trafalgar", "street" : "1430 Trafalgar Road", "city" : "Oakville"}
	]
}